geo,sigma,ar1,drift,ma1
BE,0.6640849527390913,0.5903499837716578,NA,NA
FI,0.4422952679327869,-0.4953918984056014,NA,NA
PL,0.0420341205896084,NA,0.1416639274645133,NA
RO,0.6890965923228894,0.548993528349692,NA,NA
SK,0.47950909487635257,NA,NA,0.8008513055663573
